10_18698937_0.jpg;FAX-894;FAX-894;FAX-894
11_18698742_0.jpg;LLP-676;LLP-676;LLP-676
12_18698626_1.jpg;JWH-623;JWH-623;JWH-623
13_18698622_0.jpg;SAZ-651;SAZ-651;SAZ-651
2_18699774_1.jpg;DLP-474;DLP-474;DLP-474
3_18699761_0.jpg;EFR-179;EFR-179;EFR-179
4_18699528_0.jpg;SPW-047;SPW-047;470-MAS
51_18696216_0.jpg; NN-762;INN-762;INN-762
53_18695933_0.jpg;RNZ-562;RNZ-562;RNZ-562
54_18695803_0.jpg;FFU-920;FFU-920;FFU-920
55_18695209_0.jpg;SVU-008;SVU-008;SVU-008
56_18695061_0.jpg;DAN-118;DAN-118;DAN-118
57_18695049_0.jpg;RWK-168;RWK-168;RWK-168
59_18695036_0.jpg;NNW-L03;NNW-403;NNW-403
5_18699499_0.jpg;FBD-387;FBD-387;FBD-387
60_18695025_0.jpg;TCD-986;TCD-986
61_18695021_0.jpg;SVZ-129
62_18695018_0.jpg;SZD-468;SZD-468;SZD-468
63_18695010_0.jpg;LMF-504;LMF-504;LMF-504
65_18695002_0.jpg;SES-121;SES-121;SES-121
6_18699422_0.jpg;EZE-233;EZE-233;EZE-233
7_18699181_0.jpg;D0G-712;DOG-712;D0G-712
